weekday,avg_sales,med_sales
ma,207.222590132511,161
di,190.343688831472,151.9985
wo,198.578120010084,148.696
do,170.272439334621,134.713
vr,194.631655201681,145.397
za,257.706231634183,196.3215
zo,276.06526854886,203.518
